AU,Season,type,Assessment
AR_08020203_008,No Trout,Acute,ATTAIN
AR_08020203_4030,No Trout,Acute,ATTAIN
AR_08020203_4060,No Trout,Acute,ATTAIN
AR_08020203_714,No Trout,Acute,ATTAIN
AR_08020205_001,No Trout,Acute,ATTAIN
AR_08020205_004,No Trout,Acute,ATTAIN
AR_08020205_008,No Trout,Acute,ATTAIN
AR_08020301_001,No Trout,Acute,ATTAIN
AR_08020301_006,No Trout,Acute,ATTAIN
AR_08020301_007,No Trout,Acute,ATTAIN
AR_08020301_015,No Trout,Acute,ATTAIN
AR_08020302_009,No Trout,Acute,ATTAIN
AR_08020302_013,No Trout,Acute,ATTAIN
AR_08020302_016,No Trout,Acute,ATTAIN
AR_08020302_4020,No Trout,Acute,ATTAIN
AR_08020302_909,No Trout,Acute,ATTAIN
AR_08020302_910,No Trout,Acute,ATTAIN
AR_08020302_920,No Trout,Acute,ATTAIN
AR_08020303_005,No Trout,Acute,ATTAIN
AR_08020303_014,No Trout,Acute,ATTAIN
AR_08020304_014,No Trout,Acute,ATTAIN
AR_08020304_4060,No Trout,Acute,ATTAIN
AR_08020401_001,No Trout,Acute,ATTAIN
AR_08020402_003,No Trout,Acute,ATTAIN
AR_08020402_206,No Trout,Acute,ATTAIN
AR_08020402_4010,No Trout,Acute,ATTAIN
AR_08020402_507,No Trout,Acute,ATTAIN
AR_08020402_607,No Trout,Acute,ATTAIN
AR_08020402_807,No Trout,Acute,ATTAIN
AR_08020402_907,No Trout,Acute,ATTAIN
AR_08040101_032,No Trout,Acute,ATTAIN
AR_08040101_033,No Trout,Acute,ATTAIN
AR_08040101_039,No Trout,Acute,ATTAIN
AR_08040101_043,No Trout,Acute,ATTAIN
AR_08040101_4020,No Trout,Acute,ATTAIN
AR_08040101_4021,No Trout,Acute,ATTAIN
AR_08040101_4050,No Trout,Acute,ATTAIN
AR_08040101_4051,No Trout,Acute,ATTAIN
AR_08040101_4055,No Trout,Acute,ATTAIN
AR_08040101_4062,No Trout,Acute,ATTAIN
AR_08040101_4063,No Trout,Acute,ATTAIN
AR_08040101_501,No Trout,Acute,ATTAIN
AR_08040101_636,No Trout,Acute,ATTAIN
AR_08040101_801,No Trout,Acute,ATTAIN
AR_08040101_836,No Trout,Acute,ATTAIN
AR_08040101_838,No Trout,Acute,ATTAIN
AR_08040101_848,No Trout,Acute,ATTAIN
AR_08040101_906,No Trout,Acute,ATTAIN
AR_08040101_907,No Trout,Acute,ATTAIN
AR_08040101_909,No Trout,Acute,ATTAIN
AR_08040101_920,No Trout,Acute,ATTAIN
AR_08040101_929,No Trout,Acute,ATTAIN
AR_08040102_003,No Trout,Acute,ATTAIN
AR_08040102_006,No Trout,Acute,ATTAIN
AR_08040102_007,No Trout,Acute,ATTAIN
AR_08040102_011,No Trout,Acute,ATTAIN
AR_08040102_016,No Trout,Acute,ATTAIN
AR_08040102_021,No Trout,Acute,ATTAIN
AR_08040102_023,No Trout,Acute,ATTAIN
AR_08040102_027,No Trout,Acute,ATTAIN
AR_08040102_4040,No Trout,Acute,ATTAIN
AR_08040102_4041,No Trout,Acute,ATTAIN
AR_08040102_706,No Trout,Acute,ATTAIN
AR_08040102_721,No Trout,Acute,ATTAIN
AR_08040102_807,No Trout,Acute,ATTAIN
AR_08040102_821,No Trout,Acute,ATTAIN
AR_08040102_902,No Trout,Acute,ATTAIN
AR_08040102_904,No Trout,Acute,ATTAIN
AR_08040102_923,No Trout,Acute,ATTAIN
AR_08040102_925,No Trout,Acute,ATTAIN
AR_08040102_929,No Trout,Acute,ATTAIN
AR_08040102_970,No Trout,Acute,ATTAIN
AR_08040102_971,No Trout,Acute,ATTAIN
AR_08040102_972,No Trout,Acute,ATTAIN
AR_08040102_973,No Trout,Acute,ATTAIN
AR_08040102_976,No Trout,Acute,ATTAIN
AR_08040103_003,No Trout,Acute,ATTAIN
AR_08040103_008,No Trout,Acute,ATTAIN
AR_08040103_015,No Trout,Acute,ATTAIN
AR_08040103_016,No Trout,Acute,ATTAIN
AR_08040103_022,No Trout,Acute,ATTAIN
AR_08040103_023,No Trout,Acute,ATTAIN
AR_08040103_028,No Trout,Acute,ATTAIN
AR_08040103_029,No Trout,Acute,ATTAIN
AR_08040103_033,No Trout,Acute,ATTAIN
AR_08040103_035,No Trout,Acute,ATTAIN
AR_08040103_4020,No Trout,Acute,ATTAIN
AR_08040103_4030,No Trout,Acute,ATTAIN
AR_08040103_4031,No Trout,Acute,ATTAIN
AR_08040103_733,No Trout,Acute,ATTAIN
AR_08040103_802,No Trout,Acute,ATTAIN
AR_08040103_808,No Trout,Acute,ATTAIN
AR_08040103_833,No Trout,Acute,ATTAIN
AR_08040103_905,No Trout,Acute,ATTAIN
AR_08040103_908,No Trout,Acute,ATTAIN
AR_08040103_923,No Trout,Acute,ATTAIN
AR_08040103_933,No Trout,Acute,ATTAIN
AR_08040103_937,No Trout,Acute,ATTAIN
AR_08040201_001,No Trout,Acute,ATTAIN
AR_08040201_005,No Trout,Acute,ATTAIN
AR_08040201_007,No Trout,Acute,ATTAIN
AR_08040201_201,No Trout,Acute,ATTAIN
AR_08040201_301,No Trout,Acute,ATTAIN
AR_08040201_306,No Trout,Acute,ATTAIN
AR_08040201_401,No Trout,Acute,ATTAIN
AR_08040201_406,No Trout,Acute,ATTAIN
AR_08040201_505,No Trout,Acute,ATTAIN
AR_08040201_616,No Trout,Acute,ATTAIN
AR_08040201_701,No Trout,Acute,ATTAIN
AR_08040201_705,No Trout,Acute,ATTAIN
AR_08040201_902,No Trout,Acute,ATTAIN
AR_08040201_905,No Trout,Acute,ATTAIN
AR_08040201_910,No Trout,Acute,ATTAIN
AR_08040202_002,No Trout,Acute,ATTAIN
AR_08040202_004,No Trout,Acute,ATTAIN
AR_08040202_006,No Trout,Acute,ATTAIN
AR_08040202_803,No Trout,Acute,ATTAIN
AR_08040202_805,No Trout,Acute,ATTAIN
AR_08040202_806,No Trout,Acute,ATTAIN
AR_08040203_007,No Trout,Acute,ATTAIN
AR_08040203_008,No Trout,Acute,ATTAIN
AR_08040203_011,No Trout,Acute,ATTAIN
AR_08040203_014,No Trout,Acute,ATTAIN
AR_08040203_019,No Trout,Acute,ATTAIN
AR_08040203_020,No Trout,Acute,ATTAIN
AR_08040203_021,No Trout,Acute,ATTAIN
AR_08040203_022,No Trout,Acute,ATTAIN
AR_08040203_410,No Trout,Acute,ATTAIN
AR_08040203_4110,No Trout,Acute,ATTAIN
AR_08040203_610,No Trout,Acute,ATTAIN
AR_08040203_611,No Trout,Acute,ATTAIN
AR_08040203_706,No Trout,Acute,ATTAIN
AR_08040203_714,No Trout,Acute,ATTAIN
AR_08040203_804,No Trout,Acute,ATTAIN
AR_08040203_813,No Trout,Acute,ATTAIN
AR_08040203_821,No Trout,Acute,ATTAIN
AR_08040203_824,No Trout,Acute,ATTAIN
AR_08040203_902,No Trout,Acute,ATTAIN
AR_08040203_904,No Trout,Acute,ATTAIN
AR_08040203_907,No Trout,Acute,ATTAIN
AR_08040203_913,No Trout,Acute,ATTAIN
AR_08040203_922,No Trout,Acute,ATTAIN
AR_08040203_924,No Trout,Acute,ATTAIN
AR_08040204_002,No Trout,Acute,ATTAIN
AR_08040204_005,No Trout,Acute,ATTAIN
AR_08040204_006,No Trout,Acute,ATTAIN
AR_08040204_602,No Trout,Acute,ATTAIN
AR_08040204_702,No Trout,Acute,ATTAIN
AR_08040204_707,No Trout,Acute,ATTAIN
AR_08040204_807,No Trout,Acute,ATTAIN
AR_08040204_906,No Trout,Acute,ATTAIN
AR_08040204_907,No Trout,Acute,ATTAIN
AR_08040205_001,No Trout,Acute,ATTAIN
AR_08040205_013,No Trout,Acute,ATTAIN
AR_08040205_4020,No Trout,Acute,ATTAIN
AR_08040205_703,No Trout,Acute,ATTAIN
AR_08040205_707,No Trout,Acute,ATTAIN
AR_08040205_711,No Trout,Acute,ATTAIN
AR_08040205_813,No Trout,Acute,ATTAIN
AR_08040205_906,No Trout,Acute,ATTAIN
AR_08040205_907,No Trout,Acute,ATTAIN
AR_08040206_002,No Trout,Acute,ATTAIN
AR_08040206_015,No Trout,Acute,ATTAIN
AR_08040206_902,No Trout,Acute,ATTAIN
AR_08050001_018,No Trout,Acute,ATTAIN
AR_08050002_4010,No Trout,Acute,ATTAIN
AR_08050002_4011,No Trout,Acute,ATTAIN
AR_11010001_023,No Trout,Acute,ATTAIN
AR_11010001_024,No Trout,Acute,ATTAIN
AR_11010001_025,No Trout,Acute,ATTAIN
AR_11010001_026,No Trout,Acute,ATTAIN
AR_11010001_027,No Trout,Acute,ATTAIN
AR_11010001_034,No Trout,Acute,ATTAIN
AR_11010001_035,No Trout,Acute,ATTAIN
AR_11010001_037,No Trout,Acute,ATTAIN
AR_11010001_042,No Trout,Acute,ATTAIN
AR_11010001_045,No Trout,Acute,ATTAIN
AR_11010001_054,No Trout,Acute,ATTAIN
AR_11010001_060,No Trout,Acute,ATTAIN
AR_11010001_061,No Trout,Acute,ATTAIN
AR_11010001_4030,No Trout,Acute,ATTAIN
AR_11010001_4042,No Trout,Acute,ATTAIN
AR_11010001_4043,No Trout,Acute,ATTAIN
AR_11010001_4045,No Trout,Acute,ATTAIN
AR_11010001_4050,No Trout,Acute,ATTAIN
AR_11010001_623,No Trout,Acute,ATTAIN
AR_11010001_659,No Trout,Acute,ATTAIN
AR_11010001_816,No Trout,Acute,ATTAIN
AR_11010001_823,No Trout,Acute,ATTAIN
AR_11010001_834,No Trout,Acute,ATTAIN
AR_11010001_925,No Trout,Acute,ATTAIN
AR_11010001_945,No Trout,Acute,ATTAIN
AR_11010003_048,No Trout,Acute,ATTAIN
AR_11010003_4010,No Trout,Acute,ATTAIN
AR_11010003_4011,No Trout,Acute,ATTAIN
AR_11010003_749,No Trout,Acute,ATTAIN
AR_11010003_902,Trout,Acute,ATTAIN
AR_11010003_948,No Trout,Acute,ATTAIN
AR_11010003_949,No Trout,Acute,ATTAIN
AR_11010004_001,No Trout,Acute,ATTAIN
AR_11010004_010,No Trout,Acute,ATTAIN
AR_11010004_014,Trout,Acute,ATTAIN
AR_11010004_015,No Trout,Acute,ATTAIN
AR_11010005_001,No Trout,Acute,ATTAIN
AR_11010005_003,No Trout,Acute,ATTAIN
AR_11010005_004,No Trout,Acute,ATTAIN
AR_11010005_005,No Trout,Acute,ATTAIN
AR_11010005_006,No Trout,Acute,ATTAIN
AR_11010005_009,No Trout,Acute,ATTAIN
AR_11010005_011,No Trout,Acute,ATTAIN
AR_11010005_012,No Trout,Acute,ATTAIN
AR_11010005_013,No Trout,Acute,ATTAIN
AR_11010005_014,No Trout,Acute,ATTAIN
AR_11010005_015,No Trout,Acute,ATTAIN
AR_11010005_020,No Trout,Acute,ATTAIN
AR_11010005_023,No Trout,Acute,ATTAIN
AR_11010005_024,No Trout,Acute,ATTAIN
AR_11010005_025,No Trout,Acute,ATTAIN
AR_11010005_026,No Trout,Acute,ATTAIN
AR_11010005_027,No Trout,Acute,ATTAIN
AR_11010005_604,No Trout,Acute,ATTAIN
AR_11010005_704,No Trout,Acute,ATTAIN
AR_11010005_712,No Trout,Acute,ATTAIN
AR_11010005_801,No Trout,Acute,ATTAIN
AR_11010005_804,No Trout,Acute,ATTAIN
AR_11010005_812,No Trout,Acute,ATTAIN
AR_11010005_901,No Trout,Acute,ATTAIN
AR_11010005_904,No Trout,Acute,ATTAIN
AR_11010005_906,No Trout,Acute,ATTAIN
AR_11010005_911,No Trout,Acute,ATTAIN
AR_11010005_912,No Trout,Acute,ATTAIN
AR_11010006_001,Trout,Acute,ATTAIN
AR_11010006_4010,No Trout,Acute,ATTAIN
AR_11010006_4011,No Trout,Acute,ATTAIN
AR_11010007_002,No Trout,Acute,ATTAIN
AR_11010008_001,No Trout,Acute,ATTAIN
AR_11010009_005,No Trout,Acute,ATTAIN
AR_11010009_4040,No Trout,Acute,ATTAIN
AR_11010010_003,No Trout,Acute,ATTAIN
AR_11010010_005,No Trout,Acute,ATTAIN
AR_11010010_006,Trout,Acute,ATTAIN
AR_11010010_012,No Trout,Acute,ATTAIN
AR_11010010_808,No Trout,Acute,ATTAIN
AR_11010011_001,No Trout,Acute,ATTAIN
AR_11010012_006,No Trout,Acute,ATTAIN
AR_11010013_005,No Trout,Acute,ATTAIN
AR_11010014_007,No Trout,Acute,ATTAIN
AR_11010014_028,No Trout,Acute,ATTAIN
AR_11010014_036,No Trout,Acute,ATTAIN
AR_11010014_4020,No Trout,Acute,ATTAIN
AR_11010014_4021,No Trout,Acute,ATTAIN
AR_11070208_003,No Trout,Acute,ATTAIN
AR_11070208_903,No Trout,Acute,ATTAIN
AR_11070209_048,No Trout,Acute,ATTAIN
AR_11110103_020,No Trout,Acute,ATTAIN
AR_11110103_021,No Trout,Acute,ATTAIN
AR_11110103_024,No Trout,Acute,ATTAIN
AR_11110103_029,No Trout,Acute,ATTAIN
AR_11110103_030,No Trout,Acute,ATTAIN
AR_11110103_031,No Trout,Acute,ATTAIN
AR_11110103_4080,No Trout,Acute,ATTAIN
AR_11110103_730,No Trout,Acute,ATTAIN
AR_11110103_733,No Trout,Acute,ATTAIN
AR_11110103_813,No Trout,Acute,ATTAIN
AR_11110103_932,No Trout,Acute,ATTAIN
AR_11110104_001,No Trout,Acute,ATTAIN
AR_11110104_013,No Trout,Acute,ATTAIN
AR_11110104_4020,No Trout,Acute,ATTAIN
AR_11110105_001,No Trout,Acute,ATTAIN
AR_11110105_031,No Trout,Acute,ATTAIN
AR_11110105_033,No Trout,Acute,ATTAIN
AR_11110105_731,No Trout,Acute,ATTAIN
AR_11110105_925,No Trout,Acute,ATTAIN
AR_11110201_001,No Trout,Acute,ATTAIN
AR_11110201_006,No Trout,Acute,ATTAIN
AR_11110201_4030,No Trout,Acute,ATTAIN
AR_11110201_4070,No Trout,Acute,ATTAIN
AR_11110201_4071,No Trout,Acute,ATTAIN
AR_11110201_923,No Trout,Acute,ATTAIN
AR_11110202_011,No Trout,Acute,ATTAIN
AR_11110202_043,No Trout,Acute,ATTAIN
AR_11110202_4050,No Trout,Acute,ATTAIN
AR_11110202_919,No Trout,Acute,ATTAIN
AR_11110203_009,No Trout,Acute,ATTAIN
AR_11110203_018,No Trout,Acute,ATTAIN
AR_11110203_027,No Trout,Acute,ATTAIN
AR_11110203_4020,No Trout,Acute,ATTAIN
AR_11110203_4030,No Trout,Acute,ATTAIN
AR_11110203_4061,No Trout,Acute,ATTAIN
AR_11110203_904,No Trout,Acute,ATTAIN
AR_11110203_918,No Trout,Acute,ATTAIN
AR_11110203_927,No Trout,Acute,ATTAIN
AR_11110203_931,No Trout,Acute,ATTAIN
AR_11110203_932,No Trout,Acute,ATTAIN
AR_11110204_002,No Trout,Acute,ATTAIN
AR_11110204_011,No Trout,Acute,ATTAIN
AR_11110204_015,No Trout,Acute,ATTAIN
AR_11110204_4060,No Trout,Acute,ATTAIN
AR_11110204_4061,No Trout,Acute,ATTAIN
AR_11110205_002,No Trout,Acute,ATTAIN
AR_11110205_005,No Trout,Acute,ATTAIN
AR_11110205_013,No Trout,Acute,ATTAIN
AR_11110205_014,No Trout,Acute,ATTAIN
AR_11110205_015,No Trout,Acute,ATTAIN
AR_11110205_016,No Trout,Acute,ATTAIN
AR_11110205_4011,No Trout,Acute,ATTAIN
AR_11110205_4020,No Trout,Acute,ATTAIN
AR_11110205_4030,No Trout,Acute,ATTAIN
AR_11110205_617,No Trout,Acute,ATTAIN
AR_11110206_007,No Trout,Acute,ATTAIN
AR_11110206_012,No Trout,Acute,ATTAIN
AR_11110206_014,No Trout,Acute,ATTAIN
AR_11110206_015,No Trout,Acute,ATTAIN
AR_11110206_4030,No Trout,Acute,ATTAIN
AR_11110206_4051,No Trout,Acute,ATTAIN
AR_11110206_4052,No Trout,Acute,ATTAIN
AR_11110206_514,No Trout,Acute,ATTAIN
AR_11110206_808,No Trout,Acute,ATTAIN
AR_11110206_914,No Trout,Acute,ATTAIN
AR_11110207_001,No Trout,Acute,ATTAIN
AR_11110207_008,No Trout,Acute,ATTAIN
AR_11110207_011,No Trout,Acute,ATTAIN
AR_11110207_022,No Trout,Acute,ATTAIN
AR_11110207_023,No Trout,Acute,ATTAIN
AR_11110207_024,No Trout,Acute,ATTAIN
AR_11110207_4072,No Trout,Acute,ATTAIN
AR_11110207_724,No Trout,Acute,ATTAIN
AR_11110207_822,No Trout,Acute,ATTAIN
AR_11110207_824,No Trout,Acute,ATTAIN
AR_11110207_826,No Trout,Acute,ATTAIN
AR_11110207_912,No Trout,Acute,ATTAIN
AR_11140106_002,No Trout,Acute,ATTAIN
AR_11140106_005,No Trout,Acute,ATTAIN
AR_11140108_012,No Trout,Acute,ATTAIN
AR_11140108_014,No Trout,Acute,ATTAIN
AR_11140108_019,No Trout,Acute,ATTAIN
AR_11140108_907,No Trout,Acute,ATTAIN
AR_11140109_010,No Trout,Acute,ATTAIN
AR_11140109_011,No Trout,Acute,ATTAIN
AR_11140109_013,No Trout,Acute,ATTAIN
AR_11140109_014,No Trout,Acute,ATTAIN
AR_11140109_018,No Trout,Acute,ATTAIN
AR_11140109_019,No Trout,Acute,ATTAIN
AR_11140109_020,No Trout,Acute,ATTAIN
AR_11140109_021,No Trout,Acute,ATTAIN
AR_11140109_023,No Trout,Acute,ATTAIN
AR_11140109_025,No Trout,Acute,ATTAIN
AR_11140109_026,No Trout,Acute,ATTAIN
AR_11140109_029,No Trout,Acute,ATTAIN
AR_11140109_032,No Trout,Acute,ATTAIN
AR_11140109_034,No Trout,Acute,ATTAIN
AR_11140109_4020,No Trout,Acute,ATTAIN
AR_11140109_4021,No Trout,Acute,ATTAIN
AR_11140109_4070,No Trout,Acute,ATTAIN
AR_11140109_4071,No Trout,Acute,ATTAIN
AR_11140109_4080,No Trout,Acute,ATTAIN
AR_11140109_4081,No Trout,Acute,ATTAIN
AR_11140109_4090,No Trout,Acute,ATTAIN
AR_11140109_4091,No Trout,Acute,ATTAIN
AR_11140109_533,No Trout,Acute,ATTAIN
AR_11140109_710,No Trout,Acute,ATTAIN
AR_11140109_718,No Trout,Acute,ATTAIN
AR_11140109_719,No Trout,Acute,ATTAIN
AR_11140109_810,No Trout,Acute,ATTAIN
AR_11140109_820,No Trout,Acute,ATTAIN
AR_11140109_913,No Trout,Acute,ATTAIN
AR_11140109_916,No Trout,Acute,ATTAIN
AR_11140109_918,No Trout,Acute,ATTAIN
AR_11140109_921,No Trout,Acute,ATTAIN
AR_11140109_927,No Trout,Acute,ATTAIN
AR_11140109_929,No Trout,Acute,ATTAIN
AR_11140109_933,No Trout,Acute,ATTAIN
AR_11140109_934,No Trout,Acute,ATTAIN
AR_11140109_935,No Trout,Acute,ATTAIN
AR_11140201_002,No Trout,Acute,ATTAIN
AR_11140201_003,No Trout,Acute,ATTAIN
AR_11140201_007,No Trout,Acute,ATTAIN
AR_11140201_010,No Trout,Acute,ATTAIN
AR_11140201_011,No Trout,Acute,ATTAIN
AR_11140201_4010,No Trout,Acute,ATTAIN
AR_11140201_913,No Trout,Acute,ATTAIN
AR_11140203_022,No Trout,Acute,ATTAIN
AR_11140203_823,No Trout,Acute,ATTAIN
AR_11140205_006,No Trout,Acute,ATTAIN
AR_11140205_010,No Trout,Acute,ATTAIN
AR_11140205_013,No Trout,Acute,ATTAIN
AR_11140205_4022,No Trout,Acute,ATTAIN
AR_11140205_902,No Trout,Acute,ATTAIN
AR_11140302_003,No Trout,Acute,ATTAIN
AR_11140302_006,No Trout,Acute,ATTAIN
AR_11140302_803,No Trout,Acute,ATTAIN
AR_11140302_903,No Trout,Acute,ATTAIN
AR_11140304_908,No Trout,Acute,ATTAIN
AR_08040103_902,No Trout,Acute,FAILS
AR_08020203_008,ELA,Chronic,ATTAIN
AR_08020203_008,ELP,Chronic,ATTAIN
AR_08020203_4030,ELA,Chronic,ATTAIN
AR_08020203_4030,ELP,Chronic,ATTAIN
AR_08020203_4060,ELP,Chronic,ATTAIN
AR_08020203_4060,ELA,Chronic,ATTAIN
AR_08020203_714,ELA,Chronic,ATTAIN
AR_08020203_714,ELP,Chronic,ATTAIN
AR_08020205_001,ELA,Chronic,ATTAIN
AR_08020205_001,ELP,Chronic,ATTAIN
AR_08020205_004,ELA,Chronic,ATTAIN
AR_08020205_004,ELP,Chronic,ATTAIN
AR_08020205_008,ELA,Chronic,ATTAIN
AR_08020205_008,ELP,Chronic,ATTAIN
AR_08020301_001,ELA,Chronic,ATTAIN
AR_08020301_001,ELP,Chronic,ATTAIN
AR_08020301_006,ELA,Chronic,ATTAIN
AR_08020301_006,ELP,Chronic,ATTAIN
AR_08020301_007,ELA,Chronic,ATTAIN
AR_08020301_007,ELP,Chronic,ATTAIN
AR_08020301_015,ELA,Chronic,ATTAIN
AR_08020301_015,ELP,Chronic,ATTAIN
AR_08020302_009,ELA,Chronic,ATTAIN
AR_08020302_009,ELP,Chronic,ATTAIN
AR_08020302_013,ELA,Chronic,ATTAIN
AR_08020302_013,ELP,Chronic,ATTAIN
AR_08020302_016,ELP,Chronic,ATTAIN
AR_08020302_016,ELA,Chronic,ATTAIN
AR_08020302_4020,ELA,Chronic,ATTAIN
AR_08020302_4020,ELP,Chronic,ATTAIN
AR_08020302_909,ELA,Chronic,ATTAIN
AR_08020302_909,ELP,Chronic,ATTAIN
AR_08020302_910,ELA,Chronic,ATTAIN
AR_08020302_910,ELP,Chronic,ATTAIN
AR_08020302_920,ELA,Chronic,ATTAIN
AR_08020302_920,ELP,Chronic,ATTAIN
AR_08020303_005,ELA,Chronic,ATTAIN
AR_08020303_005,ELP,Chronic,ATTAIN
AR_08020303_014,ELA,Chronic,ATTAIN
AR_08020303_014,ELP,Chronic,ATTAIN
AR_08020304_014,ELA,Chronic,ATTAIN
AR_08020304_014,ELP,Chronic,ATTAIN
AR_08020304_4060,ELA,Chronic,ATTAIN
AR_08020304_4060,ELP,Chronic,ATTAIN
AR_08020401_001,ELA,Chronic,ATTAIN
AR_08020401_001,ELP,Chronic,ATTAIN
AR_08020402_003,ELA,Chronic,ATTAIN
AR_08020402_003,ELP,Chronic,ATTAIN
AR_08020402_206,ELA,Chronic,ATTAIN
AR_08020402_206,ELP,Chronic,ATTAIN
AR_08020402_4010,ELA,Chronic,ATTAIN
AR_08020402_4010,ELP,Chronic,ATTAIN
AR_08020402_507,ELA,Chronic,ATTAIN
AR_08020402_507,ELP,Chronic,ATTAIN
AR_08020402_607,ELA,Chronic,ATTAIN
AR_08020402_607,ELP,Chronic,ATTAIN
AR_08020402_807,ELP,Chronic,ATTAIN
AR_08020402_907,ELP,Chronic,ATTAIN
AR_08040101_032,ELP,Chronic,ATTAIN
AR_08040101_033,ELA,Chronic,ATTAIN
AR_08040101_033,ELP,Chronic,ATTAIN
AR_08040101_039,ELP,Chronic,ATTAIN
AR_08040101_043,ELP,Chronic,ATTAIN
AR_08040101_4020,ELA,Chronic,ATTAIN
AR_08040101_4020,ELP,Chronic,ATTAIN
AR_08040101_4021,ELA,Chronic,ATTAIN
AR_08040101_4021,ELP,Chronic,ATTAIN
AR_08040101_4050,ELA,Chronic,ATTAIN
AR_08040101_4050,ELP,Chronic,ATTAIN
AR_08040101_4051,ELP,Chronic,ATTAIN
AR_08040101_4055,ELA,Chronic,ATTAIN
AR_08040101_4055,ELP,Chronic,ATTAIN
AR_08040101_4062,ELA,Chronic,ATTAIN
AR_08040101_4062,ELP,Chronic,ATTAIN
AR_08040101_4063,ELA,Chronic,ATTAIN
AR_08040101_4063,ELP,Chronic,ATTAIN
AR_08040101_501,ELP,Chronic,ATTAIN
AR_08040101_636,ELP,Chronic,ATTAIN
AR_08040101_801,ELP,Chronic,ATTAIN
AR_08040101_836,ELP,Chronic,ATTAIN
AR_08040101_838,ELP,Chronic,ATTAIN
AR_08040101_848,ELA,Chronic,ATTAIN
AR_08040101_848,ELP,Chronic,ATTAIN
AR_08040101_906,ELP,Chronic,ATTAIN
AR_08040101_907,ELA,Chronic,ATTAIN
AR_08040101_907,ELP,Chronic,ATTAIN
AR_08040101_909,ELP,Chronic,ATTAIN
AR_08040101_920,ELP,Chronic,ATTAIN
AR_08040101_929,ELP,Chronic,ATTAIN
AR_08040102_003,ELA,Chronic,ATTAIN
AR_08040102_003,ELP,Chronic,ATTAIN
AR_08040102_006,ELA,Chronic,ATTAIN
AR_08040102_006,ELP,Chronic,ATTAIN
AR_08040102_007,ELA,Chronic,ATTAIN
AR_08040102_007,ELP,Chronic,ATTAIN
AR_08040102_011,ELA,Chronic,ATTAIN
AR_08040102_016,ELA,Chronic,ATTAIN
AR_08040102_016,ELP,Chronic,ATTAIN
AR_08040102_021,ELP,Chronic,ATTAIN
AR_08040102_023,ELA,Chronic,ATTAIN
AR_08040102_023,ELP,Chronic,ATTAIN
AR_08040102_027,ELA,Chronic,ATTAIN
AR_08040102_027,ELP,Chronic,ATTAIN
AR_08040102_4040,ELA,Chronic,ATTAIN
AR_08040102_4040,ELP,Chronic,ATTAIN
AR_08040102_4041,ELA,Chronic,ATTAIN
AR_08040102_4041,ELP,Chronic,ATTAIN
AR_08040102_706,ELA,Chronic,ATTAIN
AR_08040102_706,ELP,Chronic,ATTAIN
AR_08040102_721,ELP,Chronic,ATTAIN
AR_08040102_807,ELA,Chronic,ATTAIN
AR_08040102_807,ELP,Chronic,ATTAIN
AR_08040102_821,ELP,Chronic,ATTAIN
AR_08040102_902,ELA,Chronic,ATTAIN
AR_08040102_902,ELP,Chronic,ATTAIN
AR_08040102_904,ELA,Chronic,ATTAIN
AR_08040102_904,ELP,Chronic,ATTAIN
AR_08040102_923,ELA,Chronic,ATTAIN
AR_08040102_923,ELP,Chronic,ATTAIN
AR_08040102_925,ELP,Chronic,ATTAIN
AR_08040102_929,ELA,Chronic,ATTAIN
AR_08040102_929,ELP,Chronic,ATTAIN
AR_08040102_970,ELA,Chronic,ATTAIN
AR_08040102_970,ELP,Chronic,ATTAIN
AR_08040102_971,ELP,Chronic,ATTAIN
AR_08040102_972,ELP,Chronic,ATTAIN
AR_08040102_973,ELP,Chronic,ATTAIN
AR_08040102_976,ELP,Chronic,ATTAIN
AR_08040103_003,ELA,Chronic,ATTAIN
AR_08040103_003,ELP,Chronic,ATTAIN
AR_08040103_008,ELA,Chronic,ATTAIN
AR_08040103_008,ELP,Chronic,ATTAIN
AR_08040103_015,ELA,Chronic,ATTAIN
AR_08040103_015,ELP,Chronic,ATTAIN
AR_08040103_016,ELA,Chronic,ATTAIN
AR_08040103_016,ELP,Chronic,ATTAIN
AR_08040103_022,ELA,Chronic,ATTAIN
AR_08040103_022,ELP,Chronic,ATTAIN
AR_08040103_023,ELP,Chronic,ATTAIN
AR_08040103_028,ELA,Chronic,ATTAIN
AR_08040103_028,ELP,Chronic,ATTAIN
AR_08040103_029,ELA,Chronic,ATTAIN
AR_08040103_029,ELP,Chronic,ATTAIN
AR_08040103_033,ELA,Chronic,ATTAIN
AR_08040103_033,ELP,Chronic,ATTAIN
AR_08040103_035,ELA,Chronic,ATTAIN
AR_08040103_035,ELP,Chronic,ATTAIN
AR_08040103_4020,ELP,Chronic,ATTAIN
AR_08040103_4030,ELA,Chronic,ATTAIN
AR_08040103_4030,ELP,Chronic,ATTAIN
AR_08040103_4031,ELA,Chronic,ATTAIN
AR_08040103_4031,ELP,Chronic,ATTAIN
AR_08040103_733,ELA,Chronic,ATTAIN
AR_08040103_733,ELP,Chronic,ATTAIN
AR_08040103_802,ELA,Chronic,ATTAIN
AR_08040103_802,ELP,Chronic,ATTAIN
AR_08040103_808,ELA,Chronic,ATTAIN
AR_08040103_808,ELP,Chronic,ATTAIN
AR_08040103_833,ELA,Chronic,ATTAIN
AR_08040103_833,ELP,Chronic,ATTAIN
AR_08040103_902,ELA,Chronic,ATTAIN
AR_08040103_905,ELA,Chronic,ATTAIN
AR_08040103_905,ELP,Chronic,ATTAIN
AR_08040103_908,ELA,Chronic,ATTAIN
AR_08040103_908,ELP,Chronic,ATTAIN
AR_08040103_923,ELP,Chronic,ATTAIN
AR_08040103_933,ELA,Chronic,ATTAIN
AR_08040103_933,ELP,Chronic,ATTAIN
AR_08040103_937,ELA,Chronic,ATTAIN
AR_08040103_937,ELP,Chronic,ATTAIN
AR_08040201_001,ELA,Chronic,ATTAIN
AR_08040201_001,ELP,Chronic,ATTAIN
AR_08040201_005,ELP,Chronic,ATTAIN
AR_08040201_005,ELA,Chronic,ATTAIN
AR_08040201_007,ELA,Chronic,ATTAIN
AR_08040201_201,ELA,Chronic,ATTAIN
AR_08040201_301,ELA,Chronic,ATTAIN
AR_08040201_306,ELA,Chronic,ATTAIN
AR_08040201_401,ELA,Chronic,ATTAIN
AR_08040201_406,ELA,Chronic,ATTAIN
AR_08040201_406,ELP,Chronic,ATTAIN
AR_08040201_505,ELA,Chronic,ATTAIN
AR_08040201_701,ELA,Chronic,ATTAIN
AR_08040201_705,ELA,Chronic,ATTAIN
AR_08040201_705,ELP,Chronic,ATTAIN
AR_08040201_902,ELA,Chronic,ATTAIN
AR_08040201_905,ELA,Chronic,ATTAIN
AR_08040201_905,ELP,Chronic,ATTAIN
AR_08040201_910,ELA,Chronic,ATTAIN
AR_08040202_002,ELA,Chronic,ATTAIN
AR_08040202_002,ELP,Chronic,ATTAIN
AR_08040202_004,ELP,Chronic,ATTAIN
AR_08040202_004,ELA,Chronic,ATTAIN
AR_08040202_006,ELA,Chronic,ATTAIN
AR_08040202_006,ELP,Chronic,ATTAIN
AR_08040202_803,ELA,Chronic,ATTAIN
AR_08040202_805,ELA,Chronic,ATTAIN
AR_08040202_806,ELA,Chronic,ATTAIN
AR_08040203_007,ELA,Chronic,ATTAIN
AR_08040203_007,ELP,Chronic,ATTAIN
AR_08040203_008,ELA,Chronic,ATTAIN
AR_08040203_008,ELP,Chronic,ATTAIN
AR_08040203_011,ELA,Chronic,ATTAIN
AR_08040203_011,ELP,Chronic,ATTAIN
AR_08040203_014,ELP,Chronic,ATTAIN
AR_08040203_019,ELA,Chronic,ATTAIN
AR_08040203_019,ELP,Chronic,ATTAIN
AR_08040203_020,ELA,Chronic,ATTAIN
AR_08040203_020,ELP,Chronic,ATTAIN
AR_08040203_021,ELP,Chronic,ATTAIN
AR_08040203_022,ELP,Chronic,ATTAIN
AR_08040203_410,ELA,Chronic,ATTAIN
AR_08040203_410,ELP,Chronic,ATTAIN
AR_08040203_4110,ELA,Chronic,ATTAIN
AR_08040203_4110,ELP,Chronic,ATTAIN
AR_08040203_610,ELA,Chronic,ATTAIN
AR_08040203_610,ELP,Chronic,ATTAIN
AR_08040203_611,ELP,Chronic,ATTAIN
AR_08040203_706,ELA,Chronic,ATTAIN
AR_08040203_706,ELP,Chronic,ATTAIN
AR_08040203_714,ELA,Chronic,ATTAIN
AR_08040203_714,ELP,Chronic,ATTAIN
AR_08040203_804,ELA,Chronic,ATTAIN
AR_08040203_804,ELP,Chronic,ATTAIN
AR_08040203_813,ELA,Chronic,ATTAIN
AR_08040203_813,ELP,Chronic,ATTAIN
AR_08040203_821,ELP,Chronic,ATTAIN
AR_08040203_824,ELP,Chronic,ATTAIN
AR_08040203_902,ELA,Chronic,ATTAIN
AR_08040203_904,ELA,Chronic,ATTAIN
AR_08040203_904,ELP,Chronic,ATTAIN
AR_08040203_907,ELA,Chronic,ATTAIN
AR_08040203_913,ELA,Chronic,ATTAIN
AR_08040203_913,ELP,Chronic,ATTAIN
AR_08040203_922,ELP,Chronic,ATTAIN
AR_08040203_924,ELP,Chronic,ATTAIN
AR_08040204_002,ELA,Chronic,ATTAIN
AR_08040204_002,ELP,Chronic,ATTAIN
AR_08040204_005,ELA,Chronic,ATTAIN
AR_08040204_005,ELP,Chronic,ATTAIN
AR_08040204_006,ELA,Chronic,ATTAIN
AR_08040204_006,ELP,Chronic,ATTAIN
AR_08040204_602,ELA,Chronic,ATTAIN
AR_08040204_702,ELA,Chronic,ATTAIN
AR_08040204_707,ELA,Chronic,ATTAIN
AR_08040204_807,ELA,Chronic,ATTAIN
AR_08040204_906,ELA,Chronic,ATTAIN
AR_08040204_907,ELA,Chronic,ATTAIN
AR_08040205_001,ELA,Chronic,ATTAIN
AR_08040205_001,ELP,Chronic,ATTAIN
AR_08040205_013,ELA,Chronic,ATTAIN
AR_08040205_013,ELP,Chronic,ATTAIN
AR_08040205_4020,ELA,Chronic,ATTAIN
AR_08040205_703,ELA,Chronic,ATTAIN
AR_08040205_707,ELA,Chronic,ATTAIN
AR_08040205_711,ELA,Chronic,ATTAIN
AR_08040205_813,ELA,Chronic,ATTAIN
AR_08040205_906,ELA,Chronic,ATTAIN
AR_08040205_907,ELA,Chronic,ATTAIN
AR_08040206_002,ELA,Chronic,ATTAIN
AR_08040206_015,ELA,Chronic,ATTAIN
AR_08040206_015,ELP,Chronic,ATTAIN
AR_08040206_902,ELA,Chronic,ATTAIN
AR_08050001_018,ELA,Chronic,ATTAIN
AR_08050001_018,ELP,Chronic,ATTAIN
AR_08050002_4010,ELA,Chronic,ATTAIN
AR_08050002_4011,ELP,Chronic,ATTAIN
AR_08050002_4011,ELA,Chronic,ATTAIN
AR_11010001_023,ELA,Chronic,ATTAIN
AR_11010001_023,ELP,Chronic,ATTAIN
AR_11010001_024,ELA,Chronic,ATTAIN
AR_11010001_024,ELP,Chronic,ATTAIN
AR_11010001_025,ELA,Chronic,ATTAIN
AR_11010001_025,ELP,Chronic,ATTAIN
AR_11010001_026,ELA,Chronic,ATTAIN
AR_11010001_026,ELP,Chronic,ATTAIN
AR_11010001_027,ELA,Chronic,ATTAIN
AR_11010001_027,ELP,Chronic,ATTAIN
AR_11010001_034,ELA,Chronic,ATTAIN
AR_11010001_034,ELP,Chronic,ATTAIN
AR_11010001_035,ELA,Chronic,ATTAIN
AR_11010001_035,ELP,Chronic,ATTAIN
AR_11010001_037,ELA,Chronic,ATTAIN
AR_11010001_037,ELP,Chronic,ATTAIN
AR_11010001_042,ELA,Chronic,ATTAIN
AR_11010001_042,ELP,Chronic,ATTAIN
AR_11010001_045,ELA,Chronic,ATTAIN
AR_11010001_045,ELP,Chronic,ATTAIN
AR_11010001_054,ELA,Chronic,ATTAIN
AR_11010001_054,ELP,Chronic,ATTAIN
AR_11010001_060,ELA,Chronic,ATTAIN
AR_11010001_060,ELP,Chronic,ATTAIN
AR_11010001_061,ELA,Chronic,ATTAIN
AR_11010001_061,ELP,Chronic,ATTAIN
AR_11010001_4030,ELA,Chronic,ATTAIN
AR_11010001_4030,ELP,Chronic,ATTAIN
AR_11010001_4042,ELA,Chronic,ATTAIN
AR_11010001_4042,ELP,Chronic,ATTAIN
AR_11010001_4043,ELA,Chronic,ATTAIN
AR_11010001_4043,ELP,Chronic,ATTAIN
AR_11010001_4045,ELA,Chronic,ATTAIN
AR_11010001_4045,ELP,Chronic,ATTAIN
AR_11010001_4050,ELA,Chronic,ATTAIN
AR_11010001_4050,ELP,Chronic,ATTAIN
AR_11010001_623,ELA,Chronic,ATTAIN
AR_11010001_659,ELA,Chronic,ATTAIN
AR_11010001_659,ELP,Chronic,ATTAIN
AR_11010001_816,ELA,Chronic,ATTAIN
AR_11010001_816,ELP,Chronic,ATTAIN
AR_11010001_823,ELA,Chronic,ATTAIN
AR_11010001_823,ELP,Chronic,ATTAIN
AR_11010001_834,ELA,Chronic,ATTAIN
AR_11010001_834,ELP,Chronic,ATTAIN
AR_11010001_925,ELA,Chronic,ATTAIN
AR_11010001_925,ELP,Chronic,ATTAIN
AR_11010001_945,ELA,Chronic,ATTAIN
AR_11010001_945,ELP,Chronic,ATTAIN
AR_11010003_048,ELA,Chronic,ATTAIN
AR_11010003_048,ELP,Chronic,ATTAIN
AR_11010003_4010,ELA,Chronic,ATTAIN
AR_11010003_4010,ELP,Chronic,ATTAIN
AR_11010003_4011,ELA,Chronic,ATTAIN
AR_11010003_4011,ELP,Chronic,ATTAIN
AR_11010003_749,ELA,Chronic,ATTAIN
AR_11010003_749,ELP,Chronic,ATTAIN
AR_11010003_902,ELA,Chronic,ATTAIN
AR_11010003_902,ELP,Chronic,ATTAIN
AR_11010003_948,ELA,Chronic,ATTAIN
AR_11010003_948,ELP,Chronic,ATTAIN
AR_11010003_949,ELA,Chronic,ATTAIN
AR_11010003_949,ELP,Chronic,ATTAIN
AR_11010004_001,ELA,Chronic,ATTAIN
AR_11010004_001,ELP,Chronic,ATTAIN
AR_11010004_010,ELA,Chronic,ATTAIN
AR_11010004_010,ELP,Chronic,ATTAIN
AR_11010004_014,ELA,Chronic,ATTAIN
AR_11010004_014,ELP,Chronic,ATTAIN
AR_11010004_015,ELA,Chronic,ATTAIN
AR_11010004_015,ELP,Chronic,ATTAIN
AR_11010005_001,ELA,Chronic,ATTAIN
AR_11010005_001,ELP,Chronic,ATTAIN
AR_11010005_003,ELA,Chronic,ATTAIN
AR_11010005_003,ELP,Chronic,ATTAIN
AR_11010005_004,ELA,Chronic,ATTAIN
AR_11010005_004,ELP,Chronic,ATTAIN
AR_11010005_005,ELA,Chronic,ATTAIN
AR_11010005_005,ELP,Chronic,ATTAIN
AR_11010005_006,ELA,Chronic,ATTAIN
AR_11010005_006,ELP,Chronic,ATTAIN
AR_11010005_009,ELA,Chronic,ATTAIN
AR_11010005_009,ELP,Chronic,ATTAIN
AR_11010005_011,ELA,Chronic,ATTAIN
AR_11010005_011,ELP,Chronic,ATTAIN
AR_11010005_012,ELA,Chronic,ATTAIN
AR_11010005_012,ELP,Chronic,ATTAIN
AR_11010005_013,ELA,Chronic,ATTAIN
AR_11010005_013,ELP,Chronic,ATTAIN
AR_11010005_014,ELA,Chronic,ATTAIN
AR_11010005_014,ELP,Chronic,ATTAIN
AR_11010005_015,ELA,Chronic,ATTAIN
AR_11010005_015,ELP,Chronic,ATTAIN
AR_11010005_020,ELA,Chronic,ATTAIN
AR_11010005_020,ELP,Chronic,ATTAIN
AR_11010005_023,ELA,Chronic,ATTAIN
AR_11010005_023,ELP,Chronic,ATTAIN
AR_11010005_024,ELA,Chronic,ATTAIN
AR_11010005_024,ELP,Chronic,ATTAIN
AR_11010005_025,ELA,Chronic,ATTAIN
AR_11010005_025,ELP,Chronic,ATTAIN
AR_11010005_026,ELP,Chronic,ATTAIN
AR_11010005_026,ELA,Chronic,ATTAIN
AR_11010005_027,ELA,Chronic,ATTAIN
AR_11010005_027,ELP,Chronic,ATTAIN
AR_11010005_604,ELA,Chronic,ATTAIN
AR_11010005_604,ELP,Chronic,ATTAIN
AR_11010005_704,ELA,Chronic,ATTAIN
AR_11010005_704,ELP,Chronic,ATTAIN
AR_11010005_712,ELP,Chronic,ATTAIN
AR_11010005_801,ELA,Chronic,ATTAIN
AR_11010005_801,ELP,Chronic,ATTAIN
AR_11010005_804,ELP,Chronic,ATTAIN
AR_11010005_804,ELA,Chronic,ATTAIN
AR_11010005_812,ELA,Chronic,ATTAIN
AR_11010005_812,ELP,Chronic,ATTAIN
AR_11010005_901,ELA,Chronic,ATTAIN
AR_11010005_901,ELP,Chronic,ATTAIN
AR_11010005_904,ELA,Chronic,ATTAIN
AR_11010005_904,ELP,Chronic,ATTAIN
AR_11010005_906,ELA,Chronic,ATTAIN
AR_11010005_906,ELP,Chronic,ATTAIN
AR_11010005_911,ELA,Chronic,ATTAIN
AR_11010005_911,ELP,Chronic,ATTAIN
AR_11010005_912,ELA,Chronic,ATTAIN
AR_11010005_912,ELP,Chronic,ATTAIN
AR_11010006_001,ELA,Chronic,ATTAIN
AR_11010006_001,ELP,Chronic,ATTAIN
AR_11010006_4010,ELA,Chronic,ATTAIN
AR_11010006_4010,ELP,Chronic,ATTAIN
AR_11010006_4011,ELA,Chronic,ATTAIN
AR_11010006_4011,ELP,Chronic,ATTAIN
AR_11010007_002,ELA,Chronic,ATTAIN
AR_11010007_002,ELP,Chronic,ATTAIN
AR_11010008_001,ELA,Chronic,ATTAIN
AR_11010008_001,ELP,Chronic,ATTAIN
AR_11010009_005,ELA,Chronic,ATTAIN
AR_11010009_005,ELP,Chronic,ATTAIN
AR_11010009_4040,ELA,Chronic,ATTAIN
AR_11010009_4040,ELP,Chronic,ATTAIN
AR_11010010_003,ELA,Chronic,ATTAIN
AR_11010010_003,ELP,Chronic,ATTAIN
AR_11010010_005,ELA,Chronic,ATTAIN
AR_11010010_005,ELP,Chronic,ATTAIN
AR_11010010_006,ELA,Chronic,ATTAIN
AR_11010010_006,ELP,Chronic,ATTAIN
AR_11010010_012,ELA,Chronic,ATTAIN
AR_11010010_012,ELP,Chronic,ATTAIN
AR_11010010_808,ELA,Chronic,ATTAIN
AR_11010010_808,ELP,Chronic,ATTAIN
AR_11010011_001,ELA,Chronic,ATTAIN
AR_11010011_001,ELP,Chronic,ATTAIN
AR_11010012_006,ELA,Chronic,ATTAIN
AR_11010012_006,ELP,Chronic,ATTAIN
AR_11010013_005,ELA,Chronic,ATTAIN
AR_11010013_005,ELP,Chronic,ATTAIN
AR_11010014_007,ELA,Chronic,ATTAIN
AR_11010014_007,ELP,Chronic,ATTAIN
AR_11010014_028,ELA,Chronic,ATTAIN
AR_11010014_028,ELP,Chronic,ATTAIN
AR_11010014_036,ELA,Chronic,ATTAIN
AR_11010014_036,ELP,Chronic,ATTAIN
AR_11010014_4020,ELA,Chronic,ATTAIN
AR_11010014_4020,ELP,Chronic,ATTAIN
AR_11010014_4021,ELA,Chronic,ATTAIN
AR_11010014_4021,ELP,Chronic,ATTAIN
AR_11070208_003,ELA,Chronic,ATTAIN
AR_11070208_003,ELP,Chronic,ATTAIN
AR_11070208_903,ELA,Chronic,ATTAIN
AR_11070208_903,ELP,Chronic,ATTAIN
AR_11070209_048,ELA,Chronic,ATTAIN
AR_11070209_048,ELP,Chronic,ATTAIN
AR_11110103_020,ELA,Chronic,ATTAIN
AR_11110103_020,ELP,Chronic,ATTAIN
AR_11110103_021,ELA,Chronic,ATTAIN
AR_11110103_021,ELP,Chronic,ATTAIN
AR_11110103_024,ELA,Chronic,ATTAIN
AR_11110103_024,ELP,Chronic,ATTAIN
AR_11110103_029,ELA,Chronic,ATTAIN
AR_11110103_029,ELP,Chronic,ATTAIN
AR_11110103_030,ELA,Chronic,ATTAIN
AR_11110103_030,ELP,Chronic,ATTAIN
AR_11110103_031,ELA,Chronic,ATTAIN
AR_11110103_031,ELP,Chronic,ATTAIN
AR_11110103_4080,ELA,Chronic,ATTAIN
AR_11110103_4080,ELP,Chronic,ATTAIN
AR_11110103_730,ELA,Chronic,ATTAIN
AR_11110103_730,ELP,Chronic,ATTAIN
AR_11110103_733,ELP,Chronic,ATTAIN
AR_11110103_813,ELA,Chronic,ATTAIN
AR_11110103_813,ELP,Chronic,ATTAIN
AR_11110103_932,ELA,Chronic,ATTAIN
AR_11110103_932,ELP,Chronic,ATTAIN
AR_11110104_001,ELA,Chronic,ATTAIN
AR_11110104_001,ELP,Chronic,ATTAIN
AR_11110104_013,ELA,Chronic,ATTAIN
AR_11110104_013,ELP,Chronic,ATTAIN
AR_11110104_4020,ELA,Chronic,ATTAIN
AR_11110104_4020,ELP,Chronic,ATTAIN
AR_11110105_001,ELA,Chronic,ATTAIN
AR_11110105_001,ELP,Chronic,ATTAIN
AR_11110105_031,ELA,Chronic,ATTAIN
AR_11110105_031,ELP,Chronic,ATTAIN
AR_11110105_033,ELA,Chronic,ATTAIN
AR_11110105_033,ELP,Chronic,ATTAIN
AR_11110105_731,ELA,Chronic,ATTAIN
AR_11110105_731,ELP,Chronic,ATTAIN
AR_11110105_925,ELP,Chronic,ATTAIN
AR_11110201_001,ELA,Chronic,ATTAIN
AR_11110201_001,ELP,Chronic,ATTAIN
AR_11110201_006,ELA,Chronic,ATTAIN
AR_11110201_006,ELP,Chronic,ATTAIN
AR_11110201_4030,ELP,Chronic,ATTAIN
AR_11110201_4030,ELA,Chronic,ATTAIN
AR_11110201_4070,ELA,Chronic,ATTAIN
AR_11110201_4070,ELP,Chronic,ATTAIN
AR_11110201_4071,ELA,Chronic,ATTAIN
AR_11110201_4071,ELP,Chronic,ATTAIN
AR_11110201_923,ELP,Chronic,ATTAIN
AR_11110202_011,ELA,Chronic,ATTAIN
AR_11110202_011,ELP,Chronic,ATTAIN
AR_11110202_043,ELA,Chronic,ATTAIN
AR_11110202_043,ELP,Chronic,ATTAIN
AR_11110202_4050,ELA,Chronic,ATTAIN
AR_11110202_4050,ELP,Chronic,ATTAIN
AR_11110202_919,ELA,Chronic,ATTAIN
AR_11110202_919,ELP,Chronic,ATTAIN
AR_11110203_009,ELA,Chronic,ATTAIN
AR_11110203_009,ELP,Chronic,ATTAIN
AR_11110203_018,ELA,Chronic,ATTAIN
AR_11110203_018,ELP,Chronic,ATTAIN
AR_11110203_027,ELA,Chronic,ATTAIN
AR_11110203_027,ELP,Chronic,ATTAIN
AR_11110203_4020,ELA,Chronic,ATTAIN
AR_11110203_4020,ELP,Chronic,ATTAIN
AR_11110203_4030,ELA,Chronic,ATTAIN
AR_11110203_4030,ELP,Chronic,ATTAIN
AR_11110203_4061,ELA,Chronic,ATTAIN
AR_11110203_4061,ELP,Chronic,ATTAIN
AR_11110203_904,ELA,Chronic,ATTAIN
AR_11110203_904,ELP,Chronic,ATTAIN
AR_11110203_918,ELA,Chronic,ATTAIN
AR_11110203_918,ELP,Chronic,ATTAIN
AR_11110203_927,ELA,Chronic,ATTAIN
AR_11110203_927,ELP,Chronic,ATTAIN
AR_11110203_931,ELA,Chronic,ATTAIN
AR_11110203_931,ELP,Chronic,ATTAIN
AR_11110203_932,ELA,Chronic,ATTAIN
AR_11110203_932,ELP,Chronic,ATTAIN
AR_11110204_002,ELA,Chronic,ATTAIN
AR_11110204_002,ELP,Chronic,ATTAIN
AR_11110204_011,ELA,Chronic,ATTAIN
AR_11110204_011,ELP,Chronic,ATTAIN
AR_11110204_015,ELA,Chronic,ATTAIN
AR_11110204_015,ELP,Chronic,ATTAIN
AR_11110204_4060,ELP,Chronic,ATTAIN
AR_11110204_4060,ELA,Chronic,ATTAIN
AR_11110204_4061,ELP,Chronic,ATTAIN
AR_11110204_4061,ELA,Chronic,ATTAIN
AR_11110205_002,ELA,Chronic,ATTAIN
AR_11110205_002,ELP,Chronic,ATTAIN
AR_11110205_005,ELA,Chronic,ATTAIN
AR_11110205_005,ELP,Chronic,ATTAIN
AR_11110205_013,ELA,Chronic,ATTAIN
AR_11110205_013,ELP,Chronic,ATTAIN
AR_11110205_014,ELA,Chronic,ATTAIN
AR_11110205_014,ELP,Chronic,ATTAIN
AR_11110205_015,ELA,Chronic,ATTAIN
AR_11110205_015,ELP,Chronic,ATTAIN
AR_11110205_016,ELA,Chronic,ATTAIN
AR_11110205_016,ELP,Chronic,ATTAIN
AR_11110205_4011,ELA,Chronic,ATTAIN
AR_11110205_4011,ELP,Chronic,ATTAIN
AR_11110205_4020,ELA,Chronic,ATTAIN
AR_11110205_4020,ELP,Chronic,ATTAIN
AR_11110205_4030,ELA,Chronic,ATTAIN
AR_11110205_4030,ELP,Chronic,ATTAIN
AR_11110205_617,ELA,Chronic,ATTAIN
AR_11110205_617,ELP,Chronic,ATTAIN
AR_11110206_007,ELA,Chronic,ATTAIN
AR_11110206_007,ELP,Chronic,ATTAIN
AR_11110206_012,ELP,Chronic,ATTAIN
AR_11110206_014,ELA,Chronic,ATTAIN
AR_11110206_014,ELP,Chronic,ATTAIN
AR_11110206_015,ELP,Chronic,ATTAIN
AR_11110206_4030,ELP,Chronic,ATTAIN
AR_11110206_4030,ELA,Chronic,ATTAIN
AR_11110206_4051,ELP,Chronic,ATTAIN
AR_11110206_4051,ELA,Chronic,ATTAIN
AR_11110206_4052,ELP,Chronic,ATTAIN
AR_11110206_4052,ELA,Chronic,ATTAIN
AR_11110206_514,ELP,Chronic,ATTAIN
AR_11110206_808,ELP,Chronic,ATTAIN
AR_11110206_914,ELP,Chronic,ATTAIN
AR_11110207_001,ELA,Chronic,ATTAIN
AR_11110207_001,ELP,Chronic,ATTAIN
AR_11110207_008,ELA,Chronic,ATTAIN
AR_11110207_008,ELP,Chronic,ATTAIN
AR_11110207_011,ELA,Chronic,ATTAIN
AR_11110207_011,ELP,Chronic,ATTAIN
AR_11110207_022,ELA,Chronic,ATTAIN
AR_11110207_022,ELP,Chronic,ATTAIN
AR_11110207_023,ELP,Chronic,ATTAIN
AR_11110207_024,ELA,Chronic,ATTAIN
AR_11110207_024,ELP,Chronic,ATTAIN
AR_11110207_4072,ELA,Chronic,ATTAIN
AR_11110207_724,ELP,Chronic,ATTAIN
AR_11110207_822,ELA,Chronic,ATTAIN
AR_11110207_822,ELP,Chronic,ATTAIN
AR_11110207_824,ELP,Chronic,ATTAIN
AR_11110207_826,ELA,Chronic,ATTAIN
AR_11110207_826,ELP,Chronic,ATTAIN
AR_11110207_912,ELP,Chronic,ATTAIN
AR_11140106_002,ELA,Chronic,ATTAIN
AR_11140106_002,ELP,Chronic,ATTAIN
AR_11140106_005,ELA,Chronic,ATTAIN
AR_11140106_005,ELP,Chronic,ATTAIN
AR_11140108_012,ELP,Chronic,ATTAIN
AR_11140108_014,ELA,Chronic,ATTAIN
AR_11140108_014,ELP,Chronic,ATTAIN
AR_11140108_019,ELP,Chronic,ATTAIN
AR_11140108_907,ELP,Chronic,ATTAIN
AR_11140109_010,ELA,Chronic,ATTAIN
AR_11140109_010,ELP,Chronic,ATTAIN
AR_11140109_011,ELA,Chronic,ATTAIN
AR_11140109_011,ELP,Chronic,ATTAIN
AR_11140109_013,ELA,Chronic,ATTAIN
AR_11140109_013,ELP,Chronic,ATTAIN
AR_11140109_014,ELA,Chronic,ATTAIN
AR_11140109_014,ELP,Chronic,ATTAIN
AR_11140109_018,ELA,Chronic,ATTAIN
AR_11140109_018,ELP,Chronic,ATTAIN
AR_11140109_019,ELP,Chronic,ATTAIN
AR_11140109_020,ELP,Chronic,ATTAIN
AR_11140109_021,ELA,Chronic,ATTAIN
AR_11140109_021,ELP,Chronic,ATTAIN
AR_11140109_023,ELA,Chronic,ATTAIN
AR_11140109_023,ELP,Chronic,ATTAIN
AR_11140109_025,ELA,Chronic,ATTAIN
AR_11140109_025,ELP,Chronic,ATTAIN
AR_11140109_026,ELA,Chronic,ATTAIN
AR_11140109_026,ELP,Chronic,ATTAIN
AR_11140109_029,ELP,Chronic,ATTAIN
AR_11140109_032,ELA,Chronic,ATTAIN
AR_11140109_032,ELP,Chronic,ATTAIN
AR_11140109_034,ELA,Chronic,ATTAIN
AR_11140109_034,ELP,Chronic,ATTAIN
AR_11140109_4020,ELP,Chronic,ATTAIN
AR_11140109_4021,ELA,Chronic,ATTAIN
AR_11140109_4021,ELP,Chronic,ATTAIN
AR_11140109_4070,ELA,Chronic,ATTAIN
AR_11140109_4070,ELP,Chronic,ATTAIN
AR_11140109_4071,ELA,Chronic,ATTAIN
AR_11140109_4080,ELA,Chronic,ATTAIN
AR_11140109_4080,ELP,Chronic,ATTAIN
AR_11140109_4081,ELA,Chronic,ATTAIN
AR_11140109_4090,ELA,Chronic,ATTAIN
AR_11140109_4090,ELP,Chronic,ATTAIN
AR_11140109_4091,ELA,Chronic,ATTAIN
AR_11140109_533,ELA,Chronic,ATTAIN
AR_11140109_533,ELP,Chronic,ATTAIN
AR_11140109_710,ELP,Chronic,ATTAIN
AR_11140109_718,ELP,Chronic,ATTAIN
AR_11140109_719,ELP,Chronic,ATTAIN
AR_11140109_810,ELA,Chronic,ATTAIN
AR_11140109_810,ELP,Chronic,ATTAIN
AR_11140109_820,ELA,Chronic,ATTAIN
AR_11140109_820,ELP,Chronic,ATTAIN
AR_11140109_913,ELA,Chronic,ATTAIN
AR_11140109_913,ELP,Chronic,ATTAIN
AR_11140109_916,ELA,Chronic,ATTAIN
AR_11140109_916,ELP,Chronic,ATTAIN
AR_11140109_918,ELA,Chronic,ATTAIN
AR_11140109_918,ELP,Chronic,ATTAIN
AR_11140109_921,ELP,Chronic,ATTAIN
AR_11140109_927,ELA,Chronic,ATTAIN
AR_11140109_927,ELP,Chronic,ATTAIN
AR_11140109_929,ELP,Chronic,ATTAIN
AR_11140109_933,ELA,Chronic,ATTAIN
AR_11140109_933,ELP,Chronic,ATTAIN
AR_11140109_934,ELA,Chronic,ATTAIN
AR_11140109_934,ELP,Chronic,ATTAIN
AR_11140109_935,ELA,Chronic,ATTAIN
AR_11140109_935,ELP,Chronic,ATTAIN
AR_11140201_002,ELA,Chronic,ATTAIN
AR_11140201_002,ELP,Chronic,ATTAIN
AR_11140201_003,ELA,Chronic,ATTAIN
AR_11140201_003,ELP,Chronic,ATTAIN
AR_11140201_007,ELA,Chronic,ATTAIN
AR_11140201_007,ELP,Chronic,ATTAIN
AR_11140201_010,ELA,Chronic,ATTAIN
AR_11140201_010,ELP,Chronic,ATTAIN
AR_11140201_011,ELA,Chronic,ATTAIN
AR_11140201_011,ELP,Chronic,ATTAIN
AR_11140201_4010,ELA,Chronic,ATTAIN
AR_11140201_4010,ELP,Chronic,ATTAIN
AR_11140201_913,ELA,Chronic,ATTAIN
AR_11140201_913,ELP,Chronic,ATTAIN
AR_11140203_022,ELA,Chronic,ATTAIN
AR_11140203_022,ELP,Chronic,ATTAIN
AR_11140203_823,ELA,Chronic,ATTAIN
AR_11140203_823,ELP,Chronic,ATTAIN
AR_11140205_006,ELA,Chronic,ATTAIN
AR_11140205_006,ELP,Chronic,ATTAIN
AR_11140205_010,ELA,Chronic,ATTAIN
AR_11140205_010,ELP,Chronic,ATTAIN
AR_11140205_013,ELA,Chronic,ATTAIN
AR_11140205_013,ELP,Chronic,ATTAIN
AR_11140205_4022,ELA,Chronic,ATTAIN
AR_11140205_4022,ELP,Chronic,ATTAIN
AR_11140205_902,ELA,Chronic,ATTAIN
AR_11140205_902,ELP,Chronic,ATTAIN
AR_11140302_003,ELA,Chronic,ATTAIN
AR_11140302_003,ELP,Chronic,ATTAIN
AR_11140302_006,ELA,Chronic,ATTAIN
AR_11140302_006,ELP,Chronic,ATTAIN
AR_11140302_803,ELA,Chronic,ATTAIN
AR_11140302_803,ELP,Chronic,ATTAIN
AR_11140302_903,ELA,Chronic,ATTAIN
AR_11140302_903,ELP,Chronic,ATTAIN
AR_11140304_908,ELA,Chronic,ATTAIN
AR_11140304_908,ELP,Chronic,ATTAIN
AR_08040103_902,ELP,Chronic,FAILS
AR_08040201_616,ELP,Chronic,FAILS
AR_08040201_616,ELA,Chronic,FAILS
AR_08040201_910,ELP,Chronic,FAILS
AR_11140109_4071,ELP,Chronic,FAILS
AR_11140109_4081,ELP,Chronic,FAILS
AR_11140109_4091,ELP,Chronic,FAILS
